{
    "name": "root",
    "gauges": {
        "Evader.Policy.Entropy.mean": {
            "value": 1.3364903926849365,
            "min": 1.3227401971817017,
            "max": 1.4199433326721191,
            "count": 32
        },
        "Evader.Policy.Entropy.sum": {
            "value": 13343.5205078125,
            "min": 13094.16796875,
            "max": 14676.5341796875,
            "count": 32
        },
        "Evader.Environment.EpisodeLength.mean": {
            "value": 249.51162790697674,
            "min": 90.20588235294117,
            "max": 296.44444444444446,
            "count": 32
        },
        "Evader.Environment.EpisodeLength.sum": {
            "value": 10729.0,
            "min": 8309.0,
            "max": 11084.0,
            "count": 32
        },
        "Evader.Step.mean": {
            "value": 319951.0,
            "min": 9943.0,
            "max": 319951.0,
            "count": 32
        },
        "Evader.Step.sum": {
            "value": 319951.0,
            "min": 9943.0,
            "max": 319951.0,
            "count": 32
        },
        "Evader.Policy.ExtrinsicValueEstimate.mean": {
            "value": 12.411874771118164,
            "min": 0.914318323135376,
            "max": 219.6777801513672,
            "count": 32
        },
        "Evader.Policy.ExtrinsicValueEstimate.sum": {
            "value": 2184.489990234375,
            "min": 182.86366271972656,
            "max": 38223.93359375,
            "count": 32
        },
        "Evader.Environment.CumulativeReward.mean": {
            "value": 27.491854190826416,
            "min": 4.300889788305058,
            "max": 964.771740203812,
            "count": 32
        },
        "Evader.Environment.CumulativeReward.sum": {
            "value": 1182.149730205536,
            "min": 438.69075840711594,
            "max": 40520.413088560104,
            "count": 32
        },
        "Evader.Policy.ExtrinsicReward.mean": {
            "value": 27.491854190826416,
            "min": 4.300889788305058,
            "max": 964.771740203812,
            "count": 32
        },
        "Evader.Policy.ExtrinsicReward.sum": {
            "value": 1182.149730205536,
            "min": 438.69075840711594,
            "max": 40520.413088560104,
            "count": 32
        },
        "Evader.Losses.PolicyLoss.mean": {
            "value": 0.05425841048515091,
            "min": 0.04004000894104441,
            "max": 0.22534254624818764,
            "count": 32
        },
        "Evader.Losses.PolicyLoss.sum": {
            "value": 0.27129205242575455,
            "min": 0.16409868217306212,
            "max": 1.1267127312409382,
            "count": 32
        },
        "Evader.Losses.ValueLoss.mean": {
            "value": 24.15548781972999,
            "min": 0.0274431585179021,
            "max": 5057.520815149944,
            "count": 32
        },
        "Evader.Losses.ValueLoss.sum": {
            "value": 120.77743909864996,
            "min": 0.11521648312918842,
            "max": 25287.604075749718,
            "count": 32
        },
        "Evader.Policy.LearningRate.mean": {
            "value": 0.0002685155904948067,
            "min": 0.0002685155904948067,
            "max": 0.00029947032517655835,
            "count": 32
        },
        "Evader.Policy.LearningRate.sum": {
            "value": 0.0013425779524740334,
            "min": 0.0010819615393461665,
            "max": 0.0014926189024603667,
            "count": 32
        },
        "Evader.Policy.Epsilon.mean": {
            "value": 0.18950519333333332,
            "min": 0.18950519333333332,
            "max": 0.19982344166666668,
            "count": 32
        },
        "Evader.Policy.Epsilon.sum": {
            "value": 0.9475259666666667,
            "min": 0.7606538333333334,
            "max": 0.9975396333333334,
            "count": 32
        },
        "Evader.Policy.Beta.mean": {
            "value": 0.00044857544733333335,
            "min": 0.00044857544733333335,
            "max": 0.0004991348641666668,
            "count": 32
        },
        "Evader.Policy.Beta.sum": {
            "value": 0.0022428772366666666,
            "min": 0.0018072037833333334,
            "max": 0.0024879442033333334,
            "count": 32
        },
        "Evader.IsTraining.mean": {
            "value": 1.0,
            "min": 1.0,
            "max": 1.0,
            "count": 32
        },
        "Evader.IsTraining.sum": {
            "value": 1.0,
            "min": 1.0,
            "max": 1.0,
            "count": 32
        }
    },
    "metadata": {
        "timer_format_version": "0.1.0",
        "start_time_seconds": "1685435690",
        "python_version": "3.9.9 (tags/v3.9.9:ccb0e6a, Nov 15 2021, 18:08:50) [MSC v.1929 64 bit (AMD64)]",
        "command_line_arguments": "C:\\Users\\Valer\\AppData\\Local\\Programs\\Python\\Python39\\Scripts\\mlagents-learn config\\Tag.yaml --run-id=Evader --force",
        "mlagents_version": "0.30.0",
        "mlagents_envs_version": "0.30.0",
        "communication_protocol_version": "1.5.0",
        "pytorch_version": "1.7.1+cu110",
        "numpy_version": "1.21.2",
        "end_time_seconds": "1685436105"
    },
    "total": 414.98722860000004,
    "count": 1,
    "self": 0.008544600000050195,
    "children": {
        "run_training.setup": {
            "total": 0.08182109999999998,
            "count": 1,
            "self": 0.08182109999999998
        },
        "TrainerController.start_learning": {
            "total": 414.8968629,
            "count": 1,
            "self": 0.4935997000010275,
            "children": {
                "TrainerController._reset_env": {
                    "total": 8.1708319,
                    "count": 1,
                    "self": 8.1708319
                },
                "TrainerController.advance": {
                    "total": 406.16045589999896,
                    "count": 21590,
                    "self": 0.41562880000088853,
                    "children": {
                        "env_step": {
                            "total": 254.02934790000415,
                            "count": 21590,
                            "self": 193.2473664000035,
                            "children": {
                                "SubprocessEnvManager._take_step": {
                                    "total": 60.49062789999936,
                                    "count": 21590,
                                    "self": 1.4918483999999879,
                                    "children": {
                                        "TorchPolicy.evaluate": {
                                            "total": 58.99877949999937,
                                            "count": 20354,
                                            "self": 58.99877949999937
                                        }
                                    }
                                },
                                "workers": {
                                    "total": 0.29135360000130106,
                                    "count": 21589,
                                    "self": 0.0,
                                    "children": {
                                        "worker_root": {
                                            "total": 404.1771893000012,
                                            "count": 21589,
                                            "is_parallel": true,
                                            "self": 242.35613650000275,
                                            "children": {
                                                "steps_from_proto": {
                                                    "total": 0.000649899999999981,
                                                    "count": 1,
                                                    "is_parallel": true,
                                                    "self": 0.00015849999999950626,