{
    "name": "root",
    "gauges": {
        "Evader.Policy.Entropy.mean": {
            "value": 1.2603614330291748,
            "min": 1.2595871686935425,
            "max": 1.418163537979126,
            "count": 63
        },
        "Evader.Policy.Entropy.sum": {
            "value": 12643.9453125,
            "min": 12374.1845703125,
            "max": 14771.5908203125,
            "count": 63
        },
        "Evader.Environment.EpisodeLength.mean": {
            "value": 167.20967741935485,
            "min": 61.266666666666666,
            "max": 315.975,
            "count": 63
        },
        "Evader.Environment.EpisodeLength.sum": {
            "value": 10367.0,
            "min": 7572.0,
            "max": 12639.0,
            "count": 63
        },
        "Evader.Step.mean": {
            "value": 629986.0,
            "min": 9986.0,
            "max": 629986.0,
            "count": 63
        },
        "Evader.Step.sum": {
            "value": 629986.0,
            "min": 9986.0,
            "max": 629986.0,
            "count": 63
        },
        "Evader.Policy.ExtrinsicValueEstimate.mean": {
            "value": -0.4057997167110443,
            "min": -0.6654120683670044,
            "max": 3.2793684005737305,
            "count": 63
        },
        "Evader.Policy.ExtrinsicValueEstimate.sum": {
            "value": -77.10194396972656,
            "min": -150.3831329345703,
            "max": 606.6831665039062,
            "count": 63
        },
        "Evader.Environment.CumulativeReward.mean": {
            "value": -0.564548367694501,
            "min": -0.8452953021198311,
            "max": -0.19640239691588937,
            "count": 63
        },
        "Evader.Environment.CumulativeReward.sum": {
            "value": -35.00199879705906,
            "min": -125.94900001585484,
            "max": -8.052498273551464,
            "count": 63
        },
        "Evader.Policy.ExtrinsicReward.mean": {
            "value": -0.564548367694501,
            "min": -0.8452953021198311,
            "max": -0.19640239691588937,
            "count": 63
        },
        "Evader.Policy.ExtrinsicReward.sum": {
            "value": -35.00199879705906,
            "min": -125.94900001585484,
            "max": -8.052498273551464,
            "count": 63
        },
        "Evader.Losses.PolicyLoss.mean": {
            "value": 0.04716918360209092,
            "min": 0.030630740201255925,
            "max": 0.05083163124509156,
            "count": 63
        },
        "Evader.Losses.PolicyLoss.sum": {
            "value": 0.23584591801045462,
            "min": 0.15315370100627962,
            "max": 0.2541581562254578,
            "count": 63
        },
        "Evader.Losses.ValueLoss.mean": {
            "value": 0.002690116702190911,
            "min": 0.00143365887258066,
            "max": 11.16718878123599,
            "count": 63
        },
        "Evader.Losses.ValueLoss.sum": {
            "value": 0.013450583510954555,
            "min": 0.00573463549032264,
            "max": 55.83594390617994,
            "count": 63
        },
        "Evader.Policy.LearningRate.mean": {
            "value": 0.00023754126081958668,
            "min": 0.00023754126081958668,
            "max": 0.0002994791001736333,
            "count": 63
        },
        "Evader.Policy.LearningRate.sum": {
            "value": 0.0011877063040979334,
            "min": 0.000953925082025,
            "max": 0.0014927257024247667,
            "count": 63
        },
        "Evader.Policy.Epsilon.mean": {
            "value": 0.17918041333333337,
            "min": 0.17918041333333337,
            "max": 0.19982636666666664,
            "count": 63
        },
        "Evader.Policy.Epsilon.sum": {
            "value": 0.8959020666666668,
            "min": 0.717975,
            "max": 0.9975752333333333,
            "count": 63
        },
        "Evader.Policy.Beta.mean": {
            "value": 0.00039798402533333335,
            "min": 0.00039798402533333335,
            "max": 0.0004991491966666666,
            "count": 63
        },
        "Evader.Policy.Beta.sum": {
            "value": 0.001989920126666667,
            "min": 0.0015980775,
            "max": 0.0024881186433333333,
            "count": 63
        },
        "Evader.IsTraining.mean": {
            "value": 1.0,
            "min": 1.0,
            "max": 1.0,
            "count": 63
        },
        "Evader.IsTraining.sum": {
            "value": 1.0,
            "min": 1.0,
            "max": 1.0,
            "count": 63
        }
    },
    "metadata": {
        "timer_format_version": "0.1.0",
        "start_time_seconds": "1684963277",
        "python_version": "3.9.9 (tags/v3.9.9:ccb0e6a, Nov 15 2021, 18:08:50) [MSC v.1929 64 bit (AMD64)]",
        "command_line_arguments": "C:\\Users\\Valer\\AppData\\Local\\Programs\\Python\\Python39\\Scripts\\mlagents-learn config\\Chase.yaml --run-id=Evader --force",
        "mlagents_version": "0.30.0",
        "mlagents_envs_version": "0.30.0",
        "communication_protocol_version": "1.5.0",
        "pytorch_version": "1.7.1+cu110",
        "numpy_version": "1.21.2",
        "end_time_seconds": "1684964207"
    },
    "total": 930.2448051,
    "count": 1,
    "self": 0.007431100000076185,
    "children": {
        "run_training.setup": {
            "total": 0.07989380000000001,
            "count": 1,
            "self": 0.07989380000000001
        },
        "TrainerController.start_learning": {
            "total": 930.1574801999999,
            "count": 1,
            "self": 0.8968727000055878,
            "children": {
                "TrainerController._reset_env": {
                    "total": 7.5347636,
                    "count": 1,
                    "self": 7.5347636
                },
                "TrainerController.advance": {
                    "total": 921.6608761999943,
                    "count": 42919,
                    "self": 0.8503986999828612,
                    "children": {
                        "env_step": {
                            "total": 670.9308437000101,
                            "count": 42919,
                            "self": 569.1830491000042,
                            "children": {
                                "SubprocessEnvManager._take_step": {
                                    "total": 101.23116890000132,
                                    "count": 42919,
                                    "self": 2.733363599998782,
                                    "children": {
                                        "TorchPolicy.evaluate": {
                                            "total": 98.49780530000254,
                                            "count": 39541,
                                            "self": 98.49780530000254
                                        }
                                    }
                                },
                                "workers": {
                                    "total": 0.5166257000046262,
                                    "count": 42918,
                                    "self": 0.0,
                                    "children": {
                                        "worker_root": {
                                            "total": 912.001585999994,
                                            "count": 42918,
                                            "is_parallel": true,
                                            "self": 407.5046601999808,
                                            "children": {
                                                "steps_from_proto": {
                                                    "total": 0.0009361999999999426,
                                                    "count": 1,
                                                    "is_parallel": true,
                                                    "self": 0.00019390000000019114,