{
    "name": "root",
    "gauges": {
        "Evader.Policy.Entropy.mean": {
            "value": 1.2357434034347534,
            "min": 1.2354151010513306,
            "max": 1.4196356534957886,
            "count": 112
        },
        "Evader.Policy.Entropy.sum": {
            "value": 12535.380859375,
            "min": 12178.353515625,
            "max": 14826.99609375,
            "count": 112
        },
        "Evader.Environment.EpisodeLength.mean": {
            "value": 779.3076923076923,
            "min": 81.11304347826086,
            "max": 999.0,
            "count": 112
        },
        "Evader.Environment.EpisodeLength.sum": {
            "value": 10131.0,
            "min": 6115.0,
            "max": 13143.0,
            "count": 112
        },
        "Evader.Step.mean": {
            "value": 1119979.0,
            "min": 9955.0,
            "max": 1119979.0,
            "count": 112
        },
        "Evader.Step.sum": {
            "value": 1119979.0,
            "min": 9955.0,
            "max": 1119979.0,
            "count": 112
        },
        "Evader.Policy.ExtrinsicValueEstimate.mean": {
            "value": 0.21106310188770294,
            "min": -0.586349606513977,
            "max": 0.25473734736442566,
            "count": 112
        },
        "Evader.Policy.ExtrinsicValueEstimate.sum": {
            "value": 34.192222595214844,
            "min": -111.40642547607422,
            "max": 41.267452239990234,
            "count": 112
        },
        "Evader.Environment.CumulativeReward.mean": {
            "value": 1.7189232088052309,
            "min": -0.8269696766016723,
            "max": 2.4990501783788206,
            "count": 112
        },
        "Evader.Environment.CumulativeReward.sum": {
            "value": 22.346001714468002,
            "min": -91.76749972999096,
            "max": 32.482002303004265,
            "count": 112
        },
        "Evader.Policy.ExtrinsicReward.mean": {
            "value": 1.7189232088052309,
            "min": -0.8269696766016723,
            "max": 2.4990501783788206,
            "count": 112
        },
        "Evader.Policy.ExtrinsicReward.sum": {
            "value": 22.346001714468002,
            "min": -91.76749972999096,
            "max": 32.482002303004265,
            "count": 112
        },
        "Evader.Losses.PolicyLoss.mean": {
            "value": 0.04346818272024393,
            "min": 0.033176816340225436,
            "max": 0.05561166980769485,
            "count": 112
        },
        "Evader.Losses.PolicyLoss.sum": {
            "value": 0.21734091360121965,
            "min": 0.13270726536090174,
            "max": 0.27805834903847426,
            "count": 112
        },
        "Evader.Losses.ValueLoss.mean": {
            "value": 0.0009794247801134285,
            "min": 6.685323028250423e-05,
            "max": 1.7946193501081626,
            "count": 112
        },
        "Evader.Losses.ValueLoss.sum": {
            "value": 0.004897123900567142,
            "min": 0.00033426615141252114,
            "max": 8.973096750540813,
            "count": 112
        },
        "Evader.Policy.LearningRate.mean": {
            "value": 0.00018856311714564,
            "min": 0.00018856311714564,
            "max": 0.0002994815751728083,
            "count": 112
        },
        "Evader.Policy.LearningRate.sum": {
            "value": 0.0009428155857281999,
            "min": 0.0007579930473356999,
            "max": 0.0014926931024356333,
            "count": 112
        },
        "Evader.Policy.Epsilon.mean": {
            "value": 0.16285436,
            "min": 0.16285436,
            "max": 0.19982719166666665,
            "count": 112
        },
        "Evader.Policy.Epsilon.sum": {
            "value": 0.8142718,
            "min": 0.6526643,
            "max": 0.9975643666666667,
            "count": 112
        },
        "Evader.Policy.Beta.mean": {
            "value": 0.00031798636400000004,
            "min": 0.00031798636400000004,
            "max": 0.0004991532391666667,
            "count": 112
        },
        "Evader.Policy.Beta.sum": {
            "value": 0.0015899318200000001,
            "min": 0.0012780550699999999,
            "max": 0.0024880653966666668,
            "count": 112
        },
        "Evader.IsTraining.mean": {
            "value": 1.0,
            "min": 1.0,
            "max": 1.0,
            "count": 112
        },
        "Evader.IsTraining.sum": {
            "value": 1.0,
            "min": 1.0,
            "max": 1.0,
            "count": 112
        }
    },
    "metadata": {
        "timer_format_version": "0.1.0",
        "start_time_seconds": "1685465237",
        "python_version": "3.9.9 (tags/v3.9.9:ccb0e6a, Nov 15 2021, 18:08:50) [MSC v.1929 64 bit (AMD64)]",
        "command_line_arguments": "C:\\Users\\Valer\\AppData\\Local\\Programs\\Python\\Python39\\Scripts\\mlagents-learn config\\Tag.yaml --run-id=Evader --force",
        "mlagents_version": "0.30.0",
        "mlagents_envs_version": "0.30.0",
        "communication_protocol_version": "1.5.0",
        "pytorch_version": "1.7.1+cu110",
        "numpy_version": "1.21.2",
        "end_time_seconds": "1685466514"
    },
    "total": 1277.0592182,
    "count": 1,
    "self": 0.010074899999835907,
    "children": {
        "run_training.setup": {
            "total": 0.07950720000000011,
            "count": 1,
            "self": 0.07950720000000011
        },
        "TrainerController.start_learning": {
            "total": 1276.9696361000001,
            "count": 1,
            "self": 1.4718218000027719,
            "children": {
                "TrainerController._reset_env": {
                    "total": 8.3485728,
                    "count": 1,
                    "self": 8.3485728
                },
                "TrainerController.advance": {
                    "total": 1267.1051384999973,
                    "count": 72646,
                    "self": 1.419423600002574,
                    "children": {
                        "env_step": {
                            "total": 818.9357519000058,
                            "count": 72646,
                            "self": 641.0827144000215,
                            "children": {
                                "SubprocessEnvManager._take_step": {
                                    "total": 176.95309180000274,
                                    "count": 72646,
                                    "self": 4.896996500003496,
                                    "children": {
                                        "TorchPolicy.evaluate": {
                                            "total": 172.05609529999924,
                                            "count": 70191,
                                            "self": 172.05609529999924
                                        }
                                    }
                                },
                                "workers": {
                                    "total": 0.8999456999816147,
                                    "count": 72645,
                                    "self": 0.0,
                                    "children": {
                                        "worker_root": {
                                            "total": 1263.915076900002,
                                            "count": 72645,
                                            "is_parallel": true,
                                            "self": 722.4493361000312,
                                            "children": {
                                                "steps_from_proto": {
                                                    "total": 0.002129100000000328,
                                                    "count": 1,
                                                    "is_parallel": true,
                                                    "self": 0.00017290000000080852,