{
    "name": "root",
    "gauges": {
        "Catcher.Policy.Entropy.mean": {
            "value": 1.2626761198043823,
            "min": 1.2626761198043823,
            "max": 1.4279087781906128,
            "count": 70
        },
        "Catcher.Policy.Entropy.sum": {
            "value": 12606.55859375,
            "min": 12468.529296875,
            "max": 14943.0888671875,
            "count": 70
        },
        "Catcher.Step.mean": {
            "value": 699986.0,
            "min": 9993.0,
            "max": 699986.0,
            "count": 70
        },
        "Catcher.Step.sum": {
            "value": 699986.0,
            "min": 9993.0,
            "max": 699986.0,
            "count": 70
        },
        "Catcher.Policy.ExtrinsicValueEstimate.mean": {
            "value": 0.7211964130401611,
            "min": -0.249196857213974,
            "max": 0.7264957427978516,
            "count": 70
        },
        "Catcher.Policy.ExtrinsicValueEstimate.sum": {
            "value": 175.250732421875,
            "min": -39.81899642944336,
            "max": 175.28488159179688,
            "count": 70
        },
        "Catcher.Environment.EpisodeLength.mean": {
            "value": 57.55232558139535,
            "min": 53.78260869565217,
            "max": 999.0,
            "count": 70
        },
        "Catcher.Environment.EpisodeLength.sum": {
            "value": 9899.0,
            "min": 902.0,
            "max": 15512.0,
            "count": 70
        },
        "Catcher.Environment.CumulativeReward.mean": {
            "value": 0.8530610468845035,
            "min": -2.499409269202839,
            "max": 0.8660218576427365,
            "count": 70
        },
        "Catcher.Environment.CumulativeReward.sum": {
            "value": 146.7265000641346,
            "min": -37.81200275570154,
            "max": 158.4819999486208,
            "count": 70
        },
        "Catcher.Policy.ExtrinsicReward.mean": {
            "value": 0.8530610468845035,
            "min": -2.499409269202839,
            "max": 0.8660218576427365,
            "count": 70
        },
        "Catcher.Policy.ExtrinsicReward.sum": {
            "value": 146.7265000641346,
            "min": -37.81200275570154,
            "max": 158.4819999486208,
            "count": 70
        },
        "Catcher.Losses.PolicyLoss.mean": {
            "value": 0.04367544786849369,
            "min": 0.035393764373535905,
            "max": 0.05230788076490474,
            "count": 70
        },
        "Catcher.Losses.PolicyLoss.sum": {
            "value": 0.21837723934246847,
            "min": 0.15376840743313855,
            "max": 0.25958742892059183,
            "count": 70
        },
        "Catcher.Losses.ValueLoss.mean": {
            "value": 0.0035281142297511293,
            "min": 0.00025051150059543606,
            "max": 4.873302337872262,
            "count": 70
        },
        "Catcher.Losses.ValueLoss.sum": {
            "value": 0.017640571148755647,
            "min": 0.0010020460023817443,
            "max": 24.366511689361314,
            "count": 70
        },
        "Catcher.Policy.LearningRate.mean": {
            "value": 0.00023046366317878666,
            "min": 0.00023046366317878666,
            "max": 0.0002994374001875333,
            "count": 70
        },
        "Catcher.Policy.LearningRate.sum": {
            "value": 0.0011523183158939332,
            "min": 0.0009380263873245666,
            "max": 0.0014876122041292664,
            "count": 70
        },
        "Catcher.Policy.Epsilon.mean": {
            "value": 0.17682121333333337,
            "min": 0.17682121333333337,
            "max": 0.1998124666666667,
            "count": 70
        },
        "Catcher.Policy.Epsilon.sum": {
            "value": 0.8841060666666668,
            "min": 0.7126754333333333,
            "max": 0.9958707333333335,
            "count": 70
        },
        "Catcher.Policy.Beta.mean": {
            "value": 0.00038642394533333337,
            "min": 0.00038642394533333337,
            "max": 0.0004990810866666666,
            "count": 70
        },
        "Catcher.Policy.Beta.sum": {
            "value": 0.0019321197266666669,
            "min": 0.0015721096233333332,
            "max": 0.0024797665933333334,
            "count": 70
        },
        "Catcher.IsTraining.mean": {
            "value": 1.0,
            "min": 1.0,
            "max": 1.0,
            "count": 70
        },
        "Catcher.IsTraining.sum": {
            "value": 1.0,
            "min": 1.0,
            "max": 1.0,
            "count": 70
        }
    },
    "metadata": {
        "timer_format_version": "0.1.0",
        "start_time_seconds": "1685373274",
        "python_version": "3.9.9 (tags/v3.9.9:ccb0e6a, Nov 15 2021, 18:08:50) [MSC v.1929 64 bit (AMD64)]",
        "command_line_arguments": "C:\\Users\\Valer\\AppData\\Local\\Programs\\Python\\Python39\\Scripts\\mlagents-learn config\\Tag.yaml --run-id=Catcher --force",
        "mlagents_version": "0.30.0",
        "mlagents_envs_version": "0.30.0",
        "communication_protocol_version": "1.5.0",
        "pytorch_version": "1.7.1+cu110",
        "numpy_version": "1.21.2",
        "end_time_seconds": "1685374169"
    },
    "total": 894.9905107,
    "count": 1,
    "self": 0.009286900000006426,
    "children": {
        "run_training.setup": {
            "total": 0.08579270000000028,
            "count": 1,
            "self": 0.08579270000000028
        },
        "TrainerController.start_learning": {
            "total": 894.8954311,
            "count": 1,
            "self": 1.1584758999974838,
            "children": {
                "TrainerController._reset_env": {
                    "total": 10.3744948,
                    "count": 1,
                    "self": 10.3744948
                },
                "TrainerController.advance": {
                    "total": 883.3136708000027,
                    "count": 47569,
                    "self": 1.1142963999876656,
                    "children": {
                        "env_step": {
                            "total": 545.7805987000088,
                            "count": 47569,
                            "self": 408.269328700017,
                            "children": {
                                "SubprocessEnvManager._take_step": {
                                    "total": 136.83101249998884,
                                    "count": 47569,
                                    "self": 3.423484099989963,
                                    "children": {
                                        "TorchPolicy.evaluate": {
                                            "total": 133.40752839999888,
                                            "count": 44257,
                                            "self": 133.40752839999888
                                        }
                                    }
                                },
                                "workers": {
                                    "total": 0.6802575000029769,
                                    "count": 47568,
                                    "self": 0.0,
                                    "children": {
                                        "worker_root": {
                                            "total": 881.349050300004,
                                            "count": 47568,
                                            "is_parallel": true,
                                            "self": 542.1798141000104,
                                            "children": {
                                                "steps_from_proto": {
                                                    "total": 0.002341699999999669,
                                                    "count": 1,
                                                    "is_parallel": true,