{"count":1,"self":519.932672,"total":613.4975954,"children":{"InitializeActuators":{"count":4,"self":0.0019931,"total":0.0019931,"children":null},"InitializeSensors":{"count":4,"self":0.0020001999999999997,"total":0.0020001999999999997,"children":null},"AgentSendState":{"count":30329,"self":0.53042309999999993,"total":0.616131,"children":{"CollectObservations":{"count":12132,"self":0.022709999999999998,"total":0.022709999999999998,"children":null},"WriteActionMask":{"count":12132,"self":0.0134118,"total":0.0134118,"children":null},"RequestDecision":{"count":12132,"self":0.0495861,"total":0.0495861,"children":null}}},"DecideAction":{"count":30329,"self":24.5565504,"total":92.6485783,"children":{"RayPerceptionSensor.Perceive":{"count":12132,"self":68.0920256,"total":68.0920281,"children":null}}},"AgentAct":{"count":30329,"self":0.2952402,"total":0.2952402,"children":null}},"gauges":{"Chase.CumulativeReward":{"count":23,"max":0.9595,"min":-0.920452,"runningAverage":0.3423455,"value":0.119486868,"weightedAverage":0.346396536},"Evader.CumulativeReward":{"count":23,"max":0.920452,"min":-0.9595,"runningAverage":-0.3423455,"value":-0.119486868,"weightedAverage":-0.346396536}},"metadata":{"timer_format_version":"0.1.0","start_time_seconds":"1685467167","unity_version":"2022.2.7f1","command_line_arguments":"C:\\Program Files\\Unity\\Hub\\Editor\\2022.2.7f1\\Editor\\Unity.exe","communication_protocol_version":"1.5.0","com.unity.ml-agents_version":"2.3.0-exp.3","scene_name":"ChaseC","end_time_seconds":"1685467780"}}