{"count":1,"self":125.0355968,"total":574.6856649,"children":{"InitializeActuators":{"count":32,"self":0.0019998,"total":0.0019998,"children":null},"InitializeSensors":{"count":32,"self":0.0020001999999999997,"total":0.0020001999999999997,"children":null},"AgentSendState":{"count":158367,"self":22.477487999999997,"total":30.8756688,"children":{"CollectObservations":{"count":506784,"self":0.5922503,"total":0.5922503,"children":null},"WriteActionMask":{"count":506784,"self":0.16391239999999999,"total":0.16391239999999999,"children":null},"RequestDecision":{"count":506784,"self":1.1246416,"total":7.6420173999999994,"children":{"AgentInfo.ToProto":{"count":506784,"self":0.8799421,"total":6.5173758,"children":{"GenerateSensorData":{"count":506784,"self":4.4030768,"total":5.6374337,"children":{"RayPerceptionSensor.Perceive":{"count":506784,"self":1.2343568999999999,"total":1.2343568999999999,"children":null}}}}}}}}},"DecideAction":{"count":158367,"self":411.5919872,"total":411.5919811,"children":null},"AgentAct":{"count":158367,"self":7.0947784,"total":7.0957783,"children":{"AgentInfo.ToProto":{"count":176,"self":0,"total":0.0010000999999999999,"children":{"GenerateSensorData":{"count":176,"self":0,"total":0.0010000999999999999,"children":{"RayPerceptionSensor.Perceive":{"count":176,"self":0.0010000999999999999,"total":0.0010000999999999999,"children":null}}}}}}},"AgentInfo.ToProto":{"count":3000,"self":0.0219743,"total":0.081646299999999991,"children":{"GenerateSensorData":{"count":3000,"self":0.052667,"total":0.059671999999999996,"children":{"RayPerceptionSensor.Perceive":{"count":3000,"self":0.007005,"total":0.007005,"children":null}}}}}},"gauges":{"Chase.CumulativeReward":{"count":3176,"max":1.49397683,"min":-2.49991,"runningAverage":0.5466619,"value":0.9565,"weightedAverage":0.828456342}},"metadata":{"timer_format_version":"0.1.0","start_time_seconds":"1684959666","unity_version":"2022.2.7f1","command_line_arguments":"C:\\Program Files\\Unity\\Hub\\Editor\\2022.2.7f1\\Editor\\Unity.exe -projectpath F:\\Projects\\Unity\\ML-Agent-game -useHub -hubIPC -cloudEnvironment production","communication_protocol_version":"1.5.0","com.unity.ml-agents_version":"2.3.0-exp.3","scene_name":"ChaseA","end_time_seconds":"1684960241"}}