{"count":1,"self":467.5056128,"total":3172.6296230999997,"children":{"InitializeActuators":{"count":32,"self":0.0020012,"total":0.0020012,"children":null},"InitializeSensors":{"count":32,"self":0.0020014,"total":0.0020014,"children":null},"AgentSendState":{"count":889734,"self":100.7360064,"total":136.77287859999998,"children":{"CollectObservations":{"count":2847152,"self":2.264621,"total":2.264621,"children":null},"WriteActionMask":{"count":2847152,"self":0.685261,"total":0.685261,"children":null},"RequestDecision":{"count":2847152,"self":5.3777659999999994,"total":33.0869905,"children":{"AgentInfo.ToProto":{"count":2847152,"self":3.7298576,"total":27.7092244,"children":{"GenerateSensorData":{"count":2847152,"self":19.030072,"total":23.9793667,"children":{"RayPerceptionSensor.Perceive":{"count":2847152,"self":4.9492943999999994,"total":4.9492945,"children":null}}}}}}}}},"DecideAction":{"count":889734,"self":2542.8166656,"total":2542.8166527999997,"children":null},"AgentAct":{"count":889734,"self":24.7241344,"total":24.7321582,"children":{"AgentInfo.ToProto":{"count":601,"self":0.0009992,"total":0.0080246,"children":{"GenerateSensorData":{"count":601,"self":0.0050244,"total":0.0070253999999999994,"children":{"RayPerceptionSensor.Perceive":{"count":601,"self":0.0020009999999999997,"total":0.0020009999999999997,"children":null}}}}}}},"AgentInfo.ToProto":{"count":39686,"self":0.18032589999999998,"total":0.7973078,"children":{"GenerateSensorData":{"count":39686,"self":0.5065092,"total":0.6169819,"children":{"RayPerceptionSensor.Perceive":{"count":39686,"self":0.1104727,"total":0.1104727,"children":null}}}}}},"gauges":{"MoveToGoalChase.CumulativeReward":{"count":40287,"max":1.90399551,"min":-1.73800647,"runningAverage":0.808030069,"value":0.945,"weightedAverage":0.8743426}},"metadata":{"timer_format_version":"0.1.0","start_time_seconds":"1683940555","unity_version":"2022.2.11f1","command_line_arguments":"D:\\Unity\\2022.2.11f1\\Editor\\Unity.exe -projectpath D:\\UnityProjects\\ML-Agents-game -useHub -hubIPC -cloudEnvironment production","communication_protocol_version":"1.5.0","com.unity.ml-agents_version":"2.3.0-exp.3","scene_name":"MoveToGoalChase","end_time_seconds":"1683943728"}}