{"count":1,"self":29.295315199999997,"total":34.100043299999996,"children":{"InitializeActuators":{"count":32,"self":0.0009998,"total":0.0009998,"children":null},"InitializeSensors":{"count":32,"self":0.0030104999999999997,"total":0.0030104999999999997,"children":null},"AgentSendState":{"count":1400,"self":0.1567275,"total":0.1786982,"children":{"CollectObservations":{"count":4480,"self":0.0068281999999999995,"total":0.0068281999999999995,"children":null},"WriteActionMask":{"count":4480,"self":0.0010175,"total":0.0010175,"children":null},"RequestDecision":{"count":4480,"self":0.014124999999999999,"total":0.014124999999999999,"children":null}}},"DecideAction":{"count":1400,"self":1.9013711999999998,"total":4.5549532,"children":{"RayPerceptionSensor.Perceive":{"count":4480,"self":2.6535819999999997,"total":2.6535821,"children":null}}},"AgentAct":{"count":1400,"self":0.0664181,"total":0.0664181,"children":null}},"gauges":{"MoveToGoalChase.CumulativeReward":{"count":68,"max":0.9775,"min":0.649002731,"runningAverage":0.85855937,"value":0.7615013,"weightedAverage":0.85105896}},"metadata":{"timer_format_version":"0.1.0","start_time_seconds":"1684444030","unity_version":"2022.2.7f1","command_line_arguments":"C:\\Program Files\\Unity\\Hub\\Editor\\2022.2.7f1\\Editor\\Unity.exe -projectpath F:\\Projects\\Unity\\ML-Agent-game -useHub -hubIPC -cloudEnvironment production","communication_protocol_version":"1.5.0","com.unity.ml-agents_version":"2.3.0-exp.3","scene_name":"MoveToGoalChase","end_time_seconds":"1684444064"}}