{"count":1,"self":71.9336704,"total":79.530905699999991,"children":{"InitializeActuators":{"count":2,"self":0.0041659999999999996,"total":0.0041659999999999996,"children":null},"InitializeSensors":{"count":2,"self":0.0042715,"total":0.0042715,"children":null},"AgentSendState":{"count":3652,"self":0.20641569999999998,"total":0.2549743,"children":{"CollectObservations":{"count":731,"self":0.0075197,"total":0.0075197,"children":null},"WriteActionMask":{"count":731,"self":0.0019073999999999999,"total":0.0019073999999999999,"children":null},"RequestDecision":{"count":731,"self":0.0391315,"total":0.0391315,"children":null}}},"DecideAction":{"count":3652,"self":4.6672896,"total":7.2664677,"children":{"RayPerceptionSensor.Perceive":{"count":731,"self":2.5991779999999998,"total":2.5991779999999998,"children":null}}},"AgentAct":{"count":3652,"self":0.066319099999999992,"total":0.066319099999999992,"children":null}},"gauges":{"MoveToGoalObstacle.CumulativeReward":{"count":2,"max":0.891999841,"min":-1.00001872,"runningAverage":-0.0540094376,"value":0.891999841,"weightedAverage":-0.5270141}},"metadata":{"timer_format_version":"0.1.0","start_time_seconds":"1684286425","unity_version":"2022.2.7f1","command_line_arguments":"C:\\Program Files\\Unity\\Hub\\Editor\\2022.2.7f1\\Editor\\Unity.exe -projectpath F:\\Projects\\Unity\\ML-Agent-game -useHub -hubIPC -cloudEnvironment production","communication_protocol_version":"1.5.0","com.unity.ml-agents_version":"2.3.0-exp.3","scene_name":"MoveToGoalObstacle-2","end_time_seconds":"1684286505"}}