{"count":1,"self":556.0286208,"total":3516.3399167,"children":{"InitializeActuators":{"count":32,"self":0.0020027,"total":0.0020027,"children":null},"InitializeSensors":{"count":32,"self":0.0039986,"total":0.0039986,"children":null},"AgentSendState":{"count":937651,"self":195.1948032,"total":244.78830889999998,"children":{"CollectObservations":{"count":3000496,"self":3.295775,"total":3.295775,"children":null},"WriteActionMask":{"count":3000496,"self":0.849911,"total":0.849911,"children":null},"RequestDecision":{"count":3000496,"self":7.5093616,"total":45.4478197,"children":{"AgentInfo.ToProto":{"count":3000496,"self":5.1036436,"total":37.9384583,"children":{"GenerateSensorData":{"count":3000496,"self":26.388132799999998,"total":32.8348146,"children":{"RayPerceptionSensor.Perceive":{"count":3000496,"self":6.4466811999999996,"total":6.4466811999999996,"children":null}}}}}}}}},"DecideAction":{"count":937651,"self":2694.1978624,"total":2694.1978357,"children":null},"AgentAct":{"count":937651,"self":20.9134912,"total":21.0290991,"children":{"AgentInfo.ToProto":{"count":5671,"self":0.0225111,"total":0.1156073,"children":{"GenerateSensorData":{"count":5671,"self":0.081579,"total":0.09309619999999999,"children":{"RayPerceptionSensor.Perceive":{"count":5671,"self":0.0115172,"total":0.0115172,"children":null}}}}}}},"AgentInfo.ToProto":{"count":11341,"self":0.0546119,"total":0.2890577,"children":{"GenerateSensorData":{"count":11341,"self":0.2005669,"total":0.23444579999999998,"children":{"RayPerceptionSensor.Perceive":{"count":11341,"self":0.033878899999999997,"total":0.033878899999999997,"children":null}}}}}},"gauges":{"MoveToGoalObstacle.CumulativeReward":{"count":17012,"max":1.99499977,"min":-11.0051641,"runningAverage":0.122359104,"value":0.946999967,"weightedAverage":0.4522525}},"metadata":{"timer_format_version":"0.1.0","start_time_seconds":"1683919879","unity_version":"2022.2.7f1","command_line_arguments":"C:\\Program Files\\Unity\\Hub\\Editor\\2022.2.7f1\\Editor\\Unity.exe -projectpath F:\\Projects\\Unity\\ML-Agent-game -useHub -hubIPC -cloudEnvironment production","communication_protocol_version":"1.5.0","com.unity.ml-agents_version":"2.3.0-exp.3","scene_name":"MoveToGoalObstacle-2","end_time_seconds":"1683923396"}}