{"count":1,"self":554.6956288,"total":3744.0690508,"children":{"InitializeActuators":{"count":32,"self":0.0019982999999999997,"total":0.0019982999999999997,"children":null},"InitializeSensors":{"count":32,"self":0.0040027,"total":0.0040027,"children":null},"AgentSendState":{"count":937634,"self":131.032896,"total":171.6835583,"children":{"CollectObservations":{"count":3000432,"self":2.9896423999999997,"total":2.9896423999999997,"children":null},"WriteActionMask":{"count":3000432,"self":0.7393891,"total":0.7393891,"children":null},"RequestDecision":{"count":3000432,"self":5.7761059999999995,"total":36.921631999999995,"children":{"AgentInfo.ToProto":{"count":3000432,"self":4.3261427999999995,"total":31.1455259,"children":{"GenerateSensorData":{"count":3000432,"self":22.0990112,"total":26.819383,"children":{"RayPerceptionSensor.Perceive":{"count":3000432,"self":4.7203716,"total":4.7203716,"children":null}}}}}}}}},"DecideAction":{"count":937634,"self":2996.1037824,"total":2996.1037739999997,"children":null},"AgentAct":{"count":937634,"self":21.1307088,"total":21.2860899,"children":{"AgentInfo.ToProto":{"count":7683,"self":0.0400211,"total":0.1553812,"children":{"GenerateSensorData":{"count":7683,"self":0.1013717,"total":0.1153601,"children":{"RayPerceptionSensor.Perceive":{"count":7683,"self":0.0139884,"total":0.0139884,"children":null}}}}}}},"AgentInfo.ToProto":{"count":13556,"self":0.0721783,"total":0.2929603,"children":{"GenerateSensorData":{"count":13556,"self":0.18990869999999999,"total":0.22078199999999998,"children":{"RayPerceptionSensor.Perceive":{"count":13556,"self":0.0308733,"total":0.0308733,"children":null}}}}}},"gauges":{"MoveToGoalObstacle.CumulativeReward":{"count":21239,"max":1.99549985,"min":-13.08014,"runningAverage":0.1868687,"value":0.627503037,"weightedAverage":0.652712047}},"metadata":{"timer_format_version":"0.1.0","start_time_seconds":"1683753941","unity_version":"2022.2.11f1","command_line_arguments":"D:\\Unity\\2022.2.11f1\\Editor\\Unity.exe -projectpath D:\\UnityProjects\\MLAgents_Intro -useHub -hubIPC -cloudEnvironment production","communication_protocol_version":"1.5.0","com.unity.ml-agents_version":"2.3.0-exp.3","scene_name":"MoveToGoalObstacle","end_time_seconds":"1683757685"}}