{"count":1,"self":174.246784,"total":883.49308939999992,"children":{"InitializeActuators":{"count":32,"self":0.0020001,"total":0.0020001,"children":null},"InitializeSensors":{"count":32,"self":0.0020005,"total":0.0020005,"children":null},"AgentSendState":{"count":221301,"self":24.6013888,"total":34.1472317,"children":{"CollectObservations":{"count":708176,"self":0.6714205,"total":0.6714205,"children":null},"WriteActionMask":{"count":708176,"self":0.1639269,"total":0.1639269,"children":null},"RequestDecision":{"count":708176,"self":1.2432973999999999,"total":8.7104949,"children":{"AgentInfo.ToProto":{"count":708176,"self":1.0166852,"total":7.4671974999999993,"children":{"GenerateSensorData":{"count":708176,"self":5.1908028,"total":6.4505123,"children":{"RayPerceptionSensor.Perceive":{"count":708176,"self":1.2597095999999999,"total":1.2597095999999999,"children":null}}}}}}}}},"DecideAction":{"count":221301,"self":666.063616,"total":666.06362289999993,"children":null},"AgentAct":{"count":221301,"self":8.944484,"total":8.9544982,"children":{"AgentInfo.ToProto":{"count":347,"self":0.001001,"total":0.0100142,"children":{"GenerateSensorData":{"count":347,"self":0.0080126,"total":0.009013199999999999,"children":{"RayPerceptionSensor.Perceive":{"count":347,"self":0.0010006,"total":0.0010006,"children":null}}}}}}},"AgentInfo.ToProto":{"count":3896,"self":0.011999899999999999,"total":0.07596,"children":{"GenerateSensorData":{"count":3896,"self":0.057961099999999995,"total":0.063960099999999992,"children":{"RayPerceptionSensor.Perceive":{"count":3896,"self":0.005999,"total":0.005999,"children":null}}}}}},"gauges":{"Catcher.CumulativeReward":{"count":4243,"max":0.9985,"min":-2.49991,"runningAverage":0.5019411,"value":0.9099999,"weightedAverage":0.8996038}},"metadata":{"timer_format_version":"0.1.0","start_time_seconds":"1685373281","unity_version":"2022.2.11f1","command_line_arguments":"D:\\Unity\\2022.2.11f1\\Editor\\Unity.exe -projectpath D:\\UnityProjects\\ML-Agents-game -useHub -hubIPC -cloudEnvironment production","communication_protocol_version":"1.5.0","com.unity.ml-agents_version":"2.3.0-exp.3","scene_name":"T_Catcher_NoAI","end_time_seconds":"1685374165"}}