{"count":1,"self":268.879616,"total":1266.7186615,"children":{"InitializeActuators":{"count":32,"self":0.0020012999999999997,"total":0.0020012999999999997,"children":null},"InitializeSensors":{"count":32,"self":0.0030315999999999997,"total":0.0030315999999999997,"children":null},"AgentSendState":{"count":350967,"self":46.4272448,"total":64.19554149999999,"children":{"CollectObservations":{"count":1123104,"self":1.1628741,"total":1.1628741,"children":null},"WriteActionMask":{"count":1123104,"self":0.3186671,"total":0.3186671,"children":null},"RequestDecision":{"count":1123104,"self":2.3887156,"total":16.286756699999998,"children":{"AgentInfo.ToProto":{"count":1123104,"self":1.8786897999999999,"total":13.898041099999999,"children":{"GenerateSensorData":{"count":1123104,"self":9.3613512,"total":12.0193513,"children":{"RayPerceptionSensor.Perceive":{"count":1123104,"self":2.6579998,"total":2.6579998,"children":null}}}}}}}}},"DecideAction":{"count":350967,"self":918.2451712,"total":918.2452171,"children":null},"AgentAct":{"count":350967,"self":15.3234976,"total":15.3374445,"children":{"AgentInfo.ToProto":{"count":644,"self":0.0019961,"total":0.013946199999999999,"children":{"GenerateSensorData":{"count":644,"self":0.008957,"total":0.0119501,"children":{"RayPerceptionSensor.Perceive":{"count":644,"self":0.0029931,"total":0.0029931,"children":null}}}}}}},"AgentInfo.ToProto":{"count":2473,"self":0.013980099999999999,"total":0.054809,"children":{"GenerateSensorData":{"count":2473,"self":0.027478699999999998,"total":0.0408289,"children":{"RayPerceptionSensor.Perceive":{"count":2473,"self":0.0133502,"total":0.0133502,"children":null}}}}}},"gauges":{"Evader.CumulativeReward":{"count":3117,"max":2.49991,"min":-1.52197766,"runningAverage":-0.0202455837,"value":2.49991,"weightedAverage":2.250764}},"metadata":{"timer_format_version":"0.1.0","start_time_seconds":"1685465242","unity_version":"2022.2.7f1","command_line_arguments":"C:\\Program Files\\Unity\\Hub\\Editor\\2022.2.7f1\\Editor\\Unity.exe","communication_protocol_version":"1.5.0","com.unity.ml-agents_version":"2.3.0-exp.3","scene_name":"T_Evader_NoAI","end_time_seconds":"1685466509"}}