{
    "name": "root",
    "gauges": {
        "MoveToGoal.Policy.Entropy.mean": {
            "value": 1.415305733680725,
            "min": 1.415305733680725,
            "max": 1.415305733680725,
            "count": 1
        },
        "MoveToGoal.Policy.Entropy.sum": {
            "value": 71303.1015625,
            "min": 71303.1015625,
            "max": 71303.1015625,
            "count": 1
        },
        "MoveToGoal.Environment.EpisodeLength.mean": {
            "value": 54.90055865921788,
            "min": 54.90055865921788,
            "max": 54.90055865921788,
            "count": 1
        },
        "MoveToGoal.Environment.EpisodeLength.sum": {
            "value": 49136.0,
            "min": 49136.0,
            "max": 49136.0,
            "count": 1
        },
        "MoveToGoal.Step.mean": {
            "value": 49985.0,
            "min": 49985.0,
            "max": 49985.0,
            "count": 1
        },
        "MoveToGoal.Step.sum": {
            "value": 49985.0,
            "min": 49985.0,
            "max": 49985.0,
            "count": 1
        },
        "MoveToGoal.Policy.ExtrinsicValueEstimate.mean": {
            "value": 0.04648669436573982,
            "min": 0.04648669436573982,
            "max": 0.04648669436573982,
            "count": 1
        },
        "MoveToGoal.Policy.ExtrinsicValueEstimate.sum": {
            "value": 58.01539611816406,
            "min": 58.01539611816406,
            "max": 58.01539611816406,
            "count": 1
        },
        "MoveToGoal.Environment.CumulativeReward.mean": {
            "value": 0.9261744966442953,
            "min": 0.9261744966442953,
            "max": 0.9261744966442953,
            "count": 1
        },
        "MoveToGoal.Environment.CumulativeReward.sum": {
            "value": 828.0,
            "min": 828.0,
            "max": 828.0,
            "count": 1
        },
        "MoveToGoal.Policy.ExtrinsicReward.mean": {
            "value": 0.9261744966442953,
            "min": 0.9261744966442953,
            "max": 0.9261744966442953,
            "count": 1
        },
        "MoveToGoal.Policy.ExtrinsicReward.sum": {
            "value": 828.0,
            "min": 828.0,
            "max": 828.0,
            "count": 1
        },
        "MoveToGoal.Losses.PolicyLoss.mean": {
            "value": 0.024318670244732252,
            "min": 0.024318670244732252,
            "max": 0.024318670244732252,
            "count": 1
        },
        "MoveToGoal.Losses.PolicyLoss.sum": {
            "value": 0.09727468097892901,
            "min": 0.09727468097892901,
            "max": 0.09727468097892901,
            "count": 1
        },
        "MoveToGoal.Losses.ValueLoss.mean": {
            "value": 0.053729721981411176,
            "min": 0.053729721981411176,
            "max": 0.053729721981411176,
            "count": 1
        },
        "MoveToGoal.Losses.ValueLoss.sum": {
            "value": 0.2149188879256447,
            "min": 0.2149188879256447,
            "max": 0.2149188879256447,
            "count": 1
        },
        "MoveToGoal.Policy.LearningRate.mean": {
            "value": 0.0002845926051358,
            "min": 0.0002845926051358,
            "max": 0.0002845926051358,
            "count": 1
        },
        "MoveToGoal.Policy.LearningRate.sum": {
            "value": 0.0011383704205432,
            "min": 0.0011383704205432,
            "max": 0.0011383704205432,
            "count": 1
        },
        "MoveToGoal.Policy.Epsilon.mean": {
            "value": 0.19486420000000004,
            "min": 0.19486420000000004,
            "max": 0.19486420000000004,
            "count": 1
        },
        "MoveToGoal.Policy.Epsilon.sum": {
            "value": 0.7794568000000002,
            "min": 0.7794568000000002,
            "max": 0.7794568000000002,
            "count": 1
        },
        "MoveToGoal.Policy.Beta.mean": {
            "value": 0.004743723580000001,
            "min": 0.004743723580000001,
            "max": 0.004743723580000001,
            "count": 1
        },
        "MoveToGoal.Policy.Beta.sum": {
            "value": 0.018974894320000005,
            "min": 0.018974894320000005,
            "max": 0.018974894320000005,
            "count": 1
        },
        "MoveToGoal.IsTraining.mean": {
            "value": 1.0,
            "min": 1.0,
            "max": 1.0,
            "count": 1
        },
        "MoveToGoal.IsTraining.sum": {
            "value": 1.0,
            "min": 1.0,
            "max": 1.0,
            "count": 1
        }
    },
    "metadata": {
        "timer_format_version": "0.1.0",
        "start_time_seconds": "1683294948",
        "python_version": "3.9.9 (tags/v3.9.9:ccb0e6a, Nov 15 2021, 18:08:50) [MSC v.1929 64 bit (AMD64)]",
        "command_line_arguments": "D:\\UnityProjects\\MLAgents_Intro\\venv\\Scripts\\mlagents-learn --run-id=MoveToGoal --force",
        "mlagents_version": "0.30.0",
        "mlagents_envs_version": "0.30.0",
        "communication_protocol_version": "1.5.0",
        "pytorch_version": "1.7.1+cu110",
        "numpy_version": "1.21.2",
        "end_time_seconds": "1683295105"
    },
    "total": 157.23226599999998,
    "count": 1,
    "self": 0.005449199999986831,
    "children": {
        "run_training.setup": {
            "total": 0.031200099999999953,
            "count": 1,
            "self": 0.031200099999999953
        },
        "TrainerController.start_learning": {
            "total": 157.1956167,
            "count": 1,
            "self": 0.15825029999984963,
            "children": {
                "TrainerController._reset_env": {
                    "total": 9.5701435,
                    "count": 1,
                    "self": 9.5701435
                },
                "TrainerController.advance": {
                    "total": 147.40332800000013,
                    "count": 6390,
                    "self": 0.13717250000038916,
                    "children": {
                        "env_step": {
                            "total": 112.2421152,
                            "count": 6390,
                            "self": 96.97311849999981,
                            "children": {
                                "SubprocessEnvManager._take_step": {
                                    "total": 15.179388100000088,
                                    "count": 6390,
                                    "self": 0.39245520000002543,
                                    "children": {
                                        "TorchPolicy.evaluate": {
                                            "total": 14.786932900000062,
                                            "count": 4347,
                                            "self": 14.786932900000062
                                        }
                                    }
                                },
                                "workers": {
                                    "total": 0.08960860000009419,
                                    "count": 6389,
                                    "self": 0.0,
                                    "children": {
                                        "worker_root": {
                                            "total": 87.55845079999986,
                                            "count": 6389,
                                            "is_parallel": true,
                                            "self": 60.452270799999795,
                                            "children": {
                                                "steps_from_proto": {
                                                    "total": 0.0014378000000005997,
                                                    "count": 1,
                                                    "is_parallel": true,
                                                    "self": 0.00015150000000119235,